epoch,time,train/box_loss,train/cls_loss,train/dfl_loss,metrics/precision(B),metrics/recall(B),metrics/mAP50(B),metrics/mAP50-95(B),val/box_loss,val/cls_loss,val/dfl_loss,lr/pg0,lr/pg1,lr/pg2
1,2.45725,2.31749,3.6878,1.83252,0.00708,0.38636,0.003,0.00058,2.15921,3.53905,1.64222,0,0,0
2,4.47357,2.27775,3.73391,1.99827,0.00708,0.38636,0.003,0.00058,2.15921,3.53905,1.64222,0.000653467,0.000653467,0.000653467
3,6.48544,2.28142,3.73298,1.93415,0.00708,0.38636,0.003,0.00058,2.15921,3.53905,1.64222,0.00128053,0.00128053,0.00128053
4,8.50266,2.29379,3.82313,1.99654,0.00708,0.38636,0.003,0.00058,2.15921,3.53905,1.64222,0.0018812,0.0018812,0.0018812
5,10.4581,2.38552,3.67226,1.91327,0.00708,0.38636,0.003,0.00058,2.15921,3.53905,1.64222,0.0018416,0.0018416,0.0018416
6,12.403,2.68659,3.72257,2.10123,0.00708,0.38636,0.003,0.00058,2.15921,3.53905,1.64222,0.001802,0.001802,0.001802
7,14.3988,2.29306,3.76697,2.04709,0.00875,0.47727,0.00507,0.00095,3.04882,3.53814,1.86137,0.0017624,0.0017624,0.0017624
8,16.3821,2.69493,3.18151,1.64384,0.00875,0.47727,0.00507,0.00095,3.04882,3.53814,1.86137,0.0017228,0.0017228,0.0017228
9,18.3732,2.57005,3.05803,1.55389,0.00875,0.47727,0.00507,0.00095,3.04882,3.53814,1.86137,0.0016832,0.0016832,0.0016832
10,20.274,2.67493,3.04955,1.58181,0.00875,0.47727,0.00507,0.00095,3.04882,3.53814,1.86137,0.0016436,0.0016436,0.0016436
11,22.1449,2.84095,3.18862,1.88436,0.00875,0.47727,0.00507,0.00095,3.04882,3.53814,1.86137,0.001604,0.001604,0.001604
12,24.0511,2.65894,3.09042,1.60137,0.00875,0.47727,0.00507,0.00095,3.04882,3.53814,1.86137,0.0015644,0.0015644,0.0015644
13,26.0875,2.53319,3.19323,1.47235,0.0175,0.95455,0.03558,0.01532,1.82657,3.14099,1.25388,0.0015248,0.0015248,0.0015248
14,28.0471,1.8704,1.75265,1.33009,0.0175,0.95455,0.03558,0.01532,1.82657,3.14099,1.25388,0.0014852,0.0014852,0.0014852
15,29.9915,1.81421,1.72446,1.31745,0.0175,0.95455,0.03558,0.01532,1.82657,3.14099,1.25388,0.0014456,0.0014456,0.0014456
16,31.964,1.92039,1.70086,1.36703,0.0175,0.95455,0.03558,0.01532,1.82657,3.14099,1.25388,0.001406,0.001406,0.001406
17,33.9182,1.86356,1.7098,1.33092,0.0175,0.95455,0.03558,0.01532,1.82657,3.14099,1.25388,0.0013664,0.0013664,0.0013664
18,35.8323,1.85353,1.98241,1.30788,0.0175,0.95455,0.03558,0.01532,1.82657,3.14099,1.25388,0.0013268,0.0013268,0.0013268
19,37.7618,1.9072,2.02823,1.363,0.01708,0.93182,0.03277,0.01302,1.90578,3.01182,1.37911,0.0012872,0.0012872,0.0012872
20,39.6641,2.14488,1.93539,1.54152,0.01708,0.93182,0.03277,0.01302,1.90578,3.01182,1.37911,0.0012476,0.0012476,0.0012476
21,41.5839,1.67949,1.47941,1.31917,0.01708,0.93182,0.03277,0.01302,1.90578,3.01182,1.37911,0.001208,0.001208,0.001208
22,43.4516,2.14857,1.64466,1.45029,0.01708,0.93182,0.03277,0.01302,1.90578,3.01182,1.37911,0.0011684,0.0011684,0.0011684
23,45.3585,1.60325,1.46784,1.24035,0.01708,0.93182,0.03277,0.01302,1.90578,3.01182,1.37911,0.0011288,0.0011288,0.0011288
24,47.3021,1.55555,1.44509,1.19056,0.01708,0.93182,0.03277,0.01302,1.90578,3.01182,1.37911,0.0010892,0.0010892,0.0010892
25,49.2967,1.94457,1.91967,1.40935,0.01583,0.86364,0.12618,0.06433,1.59683,2.96721,1.24177,0.0010496,0.0010496,0.0010496
26,51.263,1.70019,1.39078,1.26116,0.01583,0.86364,0.12618,0.06433,1.59683,2.96721,1.24177,0.00101,0.00101,0.00101
27,53.2914,1.54081,1.20858,1.22065,0.01583,0.86364,0.12618,0.06433,1.59683,2.96721,1.24177,0.0009704,0.0009704,0.0009704
28,55.2777,1.86307,1.47497,1.30235,0.01583,0.86364,0.12618,0.06433,1.59683,2.96721,1.24177,0.0009308,0.0009308,0.0009308
29,57.2916,1.66753,1.22087,1.19807,0.01583,0.86364,0.12618,0.06433,1.59683,2.96721,1.24177,0.0008912,0.0008912,0.0008912
30,59.2543,1.70346,1.42242,1.29705,0.01583,0.86364,0.12618,0.06433,1.59683,2.96721,1.24177,0.0008516,0.0008516,0.0008516
31,61.1584,1.61091,1.24449,1.23808,0.01292,0.70455,0.07802,0.03921,1.54767,3.06048,1.26212,0.000812,0.000812,0.000812
32,63.0769,1.5859,1.68171,1.27477,0.01292,0.70455,0.07802,0.03921,1.54767,3.06048,1.26212,0.0007724,0.0007724,0.0007724
33,65.0478,1.48971,1.22889,1.18206,0.01292,0.70455,0.07802,0.03921,1.54767,3.06048,1.26212,0.0007328,0.0007328,0.0007328
34,67.1389,1.50984,1.15354,1.15822,0.01292,0.70455,0.07802,0.03921,1.54767,3.06048,1.26212,0.0006932,0.0006932,0.0006932
35,69.1168,1.57558,1.37365,1.27035,0.01292,0.70455,0.07802,0.03921,1.54767,3.06048,1.26212,0.0006536,0.0006536,0.0006536
36,71.0744,1.50593,1.35454,1.26133,0.01292,0.70455,0.07802,0.03921,1.54767,3.06048,1.26212,0.000614,0.000614,0.000614
37,73.1134,1.52795,1.32477,1.2438,0.01542,0.84091,0.34038,0.17825,1.34672,2.88477,1.11767,0.0005744,0.0005744,0.0005744
38,75.1317,1.36353,1.31651,1.24063,0.01542,0.84091,0.34038,0.17825,1.34672,2.88477,1.11767,0.0005348,0.0005348,0.0005348
39,77.1739,1.34713,1.12211,1.16636,0.01542,0.84091,0.34038,0.17825,1.34672,2.88477,1.11767,0.0004952,0.0004952,0.0004952
40,79.2269,1.32528,1.11181,1.11802,0.01542,0.84091,0.34038,0.17825,1.34672,2.88477,1.11767,0.0004556,0.0004556,0.0004556
41,81.3115,1.38303,1.4383,1.19672,0.01542,0.84091,0.34038,0.17825,1.34672,2.88477,1.11767,0.000416,0.000416,0.000416
42,83.3696,1.38201,1.46644,1.22064,0.01542,0.84091,0.34038,0.17825,1.34672,2.88477,1.11767,0.0003764,0.0003764,0.0003764
43,85.4932,1.63186,1.5459,1.42106,0.01625,0.88636,0.5374,0.34288,1.28703,2.76285,1.07894,0.0003368,0.0003368,0.0003368
44,87.5689,1.33739,1.26602,1.13968,0.01625,0.88636,0.5374,0.34288,1.28703,2.76285,1.07894,0.0002972,0.0002972,0.0002972
45,89.6472,1.40086,1.31019,1.16431,0.01625,0.88636,0.5374,0.34288,1.28703,2.76285,1.07894,0.0002576,0.0002576,0.0002576
46,91.6922,1.42628,1.31721,1.23197,0.01625,0.88636,0.5374,0.34288,1.28703,2.76285,1.07894,0.000218,0.000218,0.000218
47,93.6774,1.32508,1.17647,1.16462,0.01625,0.88636,0.5374,0.34288,1.28703,2.76285,1.07894,0.0001784,0.0001784,0.0001784
48,95.7611,1.36693,1.19646,1.20322,0.01625,0.88636,0.5374,0.34288,1.28703,2.76285,1.07894,0.0001388,0.0001388,0.0001388
49,97.9173,1.40394,1.28548,1.24814,0.01667,0.90909,0.65277,0.42875,1.23699,2.61331,1.04562,9.92e-05,9.92e-05,9.92e-05
50,99.9172,1.33151,1.21363,1.1586,0.01667,0.90909,0.65277,0.42875,1.23699,2.61331,1.04562,5.96e-05,5.96e-05,5.96e-05
